height,block_hash,block_time,interval
15,00000000b3322c8c3ef7d2cf6da009a776e6a99ee65ec5a32f3f345712238473,1231562746,24.210277777777776
28,00000000bb0d9430d3d1bab474be5050342161efcca9f7e45b151bff9a700944,1231601457,8.578888888888889
79,0000000086e318e8c348dad73199bb6fac8cc1effb9c872a7dda49c5caca0021,1231645607,2.7647222222222223
163,0000000066fd802a02909e8918fb85943836ce5d99000bdcd8128a06070d140a,1231714917,2.903611111111111
169,000000002a22cfee1f2c846adbd12b3e183d4f97683f85dad08a79780a84bd55,1231730523,3.706111111111111
1296,000000009a4aed3e8ba7a978c6b50fea886fb496d66e696090a91d527200b002,1232582734,3.137777777777778
1389,000000006a9a61f62ab4af162ed30272930c2acfc1139d6666455e60569a0a5c,1232682580,2.390833333333333
1390,00000000dd431bce4cf36326ee8b51a7136ebcf664976ba7087bf7d8f3ce0f5d,1232696035,3.7375
1398,00000000a8df21790d4785b6b2b9625f452ded9a3cec75b3160377aba5edceeb,1232721688,3.5191666666666666
1916,00000000800cca5d11742408e3965a84424269df7cecca5896649b1521d22297,1232960632,2.585
1917,00000000272568d8ad613b7f441fef896b912d21bca7ad2e18348e8b0ce483e7,1232972398,3.2683333333333335
8211,00000000d14ed5bff1d83c8fadccbdb206de78167a4c477330ca4da1e50ac6f2,1237623395,3.178611111111111
8226,000000001d0998f0ebe37d8518d71098603e3897bc2b69d7ca75dcb380af405b,1237657580,2.9191666666666665
8231,0000000081ac433c596a735022c5e1f19afcce061a68da4e8547521f647e5ca4,1237683291,3.577777777777778
11964,0000000078d2d3825e6f12f22009d615954b3f59e42a29a18e922a374080021f,1240482438,3.7294444444444443
11966,00000000b6e560049fb607dac3b5fc12cdfbbc38f3da35936770e47df9617383,1240496093,3.115
13082,00000000255a14c61ec1664de04580b1b05e06f3b17d9efab0b3f92d2eb6df83,1241319154,2.4477777777777776
13889,00000000b4ec7a38d98af46f6c853a6c2147376453bd29e25034403a9fdcd833,1241910410,3.4811111111111113
13898,00000000ad66cc0d6f4381a74fe99dac4efebe51985857deabd75c2411aca232,1241944972,3.272777777777778
15048,00000000a5f02b494d57da70f62350156d1bf1075b387e83d0bca1628dfb0efb,1242766676,7.0488888888888885
15222,00000000c4bd403cfb70989f5add22a588f017dfa919fee6cfb19e58bb9a98df,1242900841,2.0294444444444446
15228,000000009340670d484a6af146dd43df703870a50ebead687ef249a53ff33f65,1242914254,3.102222222222222
15324,00000000720e7a19e31ca6cc9d2364705b49590f0ede8b0356cb46a8e486ab8f,1243089838,25.147777777777776
15331,00000000957dd4b3a8977edd40768a2757e040fa0d79b7eeed6b92bac2b1ab42,1243103343,2.4380555555555556
15424,000000001c3346ae3c598eceda97e992eb5211fadea1251c99f04c5c8b22675f,1243187265,4.752222222222223
15818,00000000246ada192c0dfbbf21639ac15632588c6837eea15fc5769f7aad7f29,1243483789,2.2125
16215,00000000af7f8652ec21fc32c5e85ca52a3e2c56b1e7edefb8e8cef96dd0fbc3,1243815752,4.9125
16271,00000000be905c88edb210f918bfc7e214a9edbe9791318e6654a44481c7a399,1243871530,3.3716666666666666
16286,00000000c87ed8d34a1797bb24e5090ebe69d6c0c8e3661f6908b3b7970f5931,1243900966,4.396111111111111
16468,0000000001a039fa5e910ea377b598fe5b92f71caf09a30d447c8ff344cd6041,1244074224,6.344444444444444
16490,00000000c4168c26f904f31a316a5bacf951c71c77eefb0aa12b84fbaa0f284a,1244125111,8.522777777777778
16564,000000006dba4d567bdd008f233f826a05a2b9195324af92a231fbc9273cf901,1244274602,25.108333333333334
16588,00000000e7d7fa57b59184cc635db8a1e96738ecd110ac54e5d422e954f225b0,1244319523,2.5658333333333334
16592,0000000058fcbaf4726da493b9bdf47bc0be2b1f224f31e01341eeb576c8acd6,1244403459,20.495
17149,00000000a2762e5666e33efdd40843502cf9912f64be4ff0fdeb9cb73eff40cb,1244978451,2.131111111111111
18030,000000006f20637d8d820bcadc9e062d7e5c3e98047b808a85d55a90ee85eb14,1245933941,2.7758333333333334
19565,00000000a722d4c9eeefb6ddf6933a585254fff8554603dea4850b75494d0580,1247648440,7.221111111111111
19722,00000000f68eccb15fe31a0b7a316de6b07d718b1b04d30720a8368eab2f196f,1247886276,10.426666666666666
19724,00000000bef2501f26e11064cb3bd349de002ff50aca520e15d6d3dffc5d7e2a,1247936857,13.090833333333334
19725,00000000181975d74adfa548eee6f36d7db15698711491f017281a237f85a28a,1247950908,3.9030555555555555
19726,00000000be4fc9af78c7265b7dc9b42d797d76282da494f4ed07e4031283eaa6,1247975815,6.918611111111111
20008,0000000032c349b31a64a7cd8cfae3287f2238db0ee82862f31256abdb575da2,1248307769,2.9141666666666666
20187,00000000ae564844cce06d19b23d24cc00cf6ba259761de0b4a107cd0957fbc9,1248526296,3.305833333333333
20188,000000002cbfbd983a7363525739e00a58ac2716c6ae78b360371a86318f71e7,1248534018,2.145
20189,0000000035a425c8689d3ad26574c4699fd62afe20d8ab412f3c20999587e92c,1248594221,16.723055555555554
20190,0000000050e67c08b11edeaa9439fe1e78c7f4145e9ff13be9d0a466fa56aeb8,1248606537,3.421111111111111
20191,0000000007509c22a18706ddce980f2be2f56035ee29f2f732d03dff65a6719c,1248613791,2.015
20203,00000000377d5d78313b7e5fea4dd9d992dd05c08441241f59c6d2abc901a90a,1248641283,2.022222222222222
20304,0000000027b5cdac0b0aec557a0931e8db4527d454954f1a1a24634eaa97deb4,1248776652,2.2133333333333334
20308,000000000ddadfebdf445b0d7b44621e98d6bafc91e0a7948bdc0f5454bf22f7,1248796597,2.5825
20310,0000000030e64de4829232019f9f05f98b203a1230ac4049a4436360ef3a6f99,1248805455,2.332777777777778
20325,00000000c76185ae8b09d2ea0c431708082167d613219e1ed4a48e768266b0ac,1248838260,4.1369444444444445
20333,00000000231cc29111473df85569c8c13ff42b9fa2308da91e9e90677c3f4a56,1248864021,2.200277777777778
20339,00000000cf85342951613ebbe9abd018124026908f1221aca60d34124759141b,1248887647,2.7288888888888887
20343,000000006230c59ade37892bb71b40294f367c05f9b1407570ca047ad0b4aef0,1248902439,2.839166666666667
20344,00000000d5e5ab4d710ee96bb44eb0adc97b5eb643d3e7977980ba1cce1d6607,1248912976,2.9269444444444446
20349,00000000cc596cf48d3748cac4a09fd7f2fa3765a808de46441327e7b96b62db,1248958164,8.145833333333334
20351,00000000a853c360b4b3919386630d296fbaf497c386476a8d2857c0c3de7df0,1248969168,2.6219444444444444
20356,000000009107a805852bc47a728d3c4e66e0563feee4460f9874d638d95361d7,1248984999,2.285833333333333
20357,00000000ea57beb87fa040cfbc88ac2631d0bbbd6a6b01621bdc00403854c2d8,1248996438,3.1775
20361,00000000acb681b7b6cc53456bda7e572578a7c8100128184ea0e249fe110157,1249016429,2.846388888888889
20364,00000000dd23fc58d372dfde4f029e3ffeb538899978a9be6bca63f696ee51db,1249053076,8.336944444444445
20376,000000009ea8fb2f522d9df3d4a6f7b7fc8e8f86ef3983d4e5e25a3701bf7aa9,1249090938,2.154166666666667
20384,000000007d181f33f2923502705b7a4cb2ec3c256e99ae1ef5ef5cb87748f381,1249131439,4.9925
20390,000000001c871b513815f9c1752301d2f4f8a558cbe733f60127516b91364c80,1249150243,2.4166666666666665
20405,000000006440d96e5a77a85b27f99ab99dca1b4ba00d17c6a10139a3ea72f871,1249183476,3.181111111111111
20417,0000000099af07d315b13f4ec0817583e5c2c0f899c8de3c11c7c500372b72df,1249225314,2.6233333333333335
20418,000000009d21f5616451b607e5b38bde7a816c7fca51acd031b5643c79ad6242,1249234960,2.6794444444444445
20421,00000000e872e8bd3c764f2a1c01a90ffdb5d9d95fa92b45b4d3085b1ffedc75,1249244031,2.0727777777777776
20427,00000000a11cfd6425e1af804e3ca56ded2b521fe10b779121fc19d5cf37db6e,1249265321,2.507222222222222
20432,00000000544380bd9b3610d75bfddf071a8ec2b23c2fd43372fec1ef5c48be73,1249305094,8.45138888888889
20435,0000000021dbcb6ce0f0ddd8eaa1f9a72b4fce141bfc05d72cff60820174f792,1249320622,3.6016666666666666
20436,00000000aa483b338c6ff91a49dadc1fbf4587f2920bc58bb4b984c150c0fb7b,1249330337,2.698611111111111
20438,00000000199ddfb75856a000afa29279e1fc6d438d853ad5baeb1b1d012bf861,1249340650,2.102777777777778
20439,000000005900fd3ea9d2798d73c82fb994f15ca4819569ffa8bd1ec23a8f002f,1249353335,3.5236111111111112
21325,00000000e6541ff86dbad9c9cad65da03fed072fc5bf18dd5ff1319ebe0b9737,1250332171,2.1255555555555556
21331,000000007c60db323d92f18fd267f76be0e251ae26305c62fc2c2409465fb44e,1250358017,3.6222222222222222
21332,000000008c6601fb72f860b32fc7cf747d402fd26e141b52a4188e0491957bbf,1250366807,2.441666666666667
21340,0000000069b4f643a24c41045ccefb29f40a73c45c94830c00b3994fe368bef3,1250390124,3.2494444444444444
21345,00000000817d6b8865386209d553767c74b1df8cec22750acaf87d25d2834c2d,1250411819,2.6675
21348,000000002728faa7a41c17cb8c6364a059959292ab8bb8353382e770322f0e80,1250430426,3.751388888888889
21359,00000000e77778a088c48018de670e3e322e2e3f3f20d8d49c63749cced92870,1250468442,5.963333333333333
21361,0000000011b8654b41136e6314c70b770460a590437239fc170ff8b53d2e4181,1250487199,3.2794444444444446
21369,0000000092cb986b788943c854632242c98c95cf2e61e970d9aceafd6de089f7,1250516012,2.203333333333333
21374,00000000a2bed8eb774caed69b9c37e9a725cec85ed8de73f430d3e296a72983,1250542272,3.914722222222222
21376,0000000041a83b18f8f3cf1df306f681098b708f2df2b4b76df09f1562a37284,1250563516,5.355555555555555
21380,00000000d85f2e814b555bafaf774a15da7df781f5ca9a1dc9e24c80009551bc,1250584792,2.706111111111111
21382,00000000aee2cabaf6c3c652e4936b43f9f60e5c5f591cb289818cabb74c3350,1250604844,5.4511111111111115
21383,00000000c4cb881455230762403a84d1a613e64d2c2319a3135683cbbc477818,1250623361,5.143611111111111
21385,0000000014757bd8dd519586dd54e9071b15914f5396a25cd6fd25218eb67658,1250638734,3.1366666666666667
21389,0000000075836a4523f3f3ce7e7b6ebf4187586d1f161e68ccb4ee4f3cff3e17,1250679678,7.812222222222222
21393,00000000d93ac9f4ef41e2bfe57e8b2583a5197b6e1ee2035c671fe107fc00e5,1250692183,2.986111111111111
21403,00000000bc6f96def17d3fd0532c7a33ad6efb746cd7f142226f6a11341d9c14,1250725825,3.627222222222222
21418,0000000078d5796955554bd1233f3210605751c5b6f902e886876a03bae05334,1250776632,3.870277777777778
21423,0000000093f5776356fd4c0438de2dcb4971d44a98b4ffe1e027ccf4383c100d,1250802374,2.2408333333333332
21428,0000000033f711f7a56402334a33eec9acb5c5097502fbb1f3399dfa72759605,1250827262,2.8780555555555556
21438,00000000f969669f7db3908ce4a1598e0b1ddf341d02017cfe48352665a9263b,1250894714,10.616388888888888
21440,00000000e980a2637a3eb04fb53cefa7fbb804ae0d520a55b0edea172ab2d3e7,1250909262,3.7644444444444445
21441,0000000013a10d0e05ebc7c24d0e82f9d7e7591a4bf57281c778125f5bcfcaff,1250918054,2.442222222222222
21442,00000000921858b20e69ee3c0ed6d1419a02f17e253332009beb4a3bdfe3e77b,1250933882,4.3966666666666665
21443,00000000af24991ed5c28707afdb95b33d6a52d6117704d3605ea4efd1abbaeb,1250943190,2.5855555555555556
21444,0000000087a9bbec99e23f6b67c4569dc168450668503eda977cbc118ea698eb,1250957039,3.8469444444444445
21446,00000000de6d334392a180078b3d0086284e3d5e375e7da3d303d6569ef56b73,1250984727,6.548333333333333
21447,000000005b0065cbd1fe6199a14a62baa264c17d432610a18d59275020be2159,1250993772,2.5125
21449,000000003ce6abb8978fd84f8746f37bd47c327dae2c372f75627e052fedecc4,1251014412,5.705555555555556
21458,00000000a2d5a2ac3f6b1fa2be8e61545961c00ee40cb58c3a3e941f01b2508f,1251051837,3.966388888888889
21459,00000000ce32ae9ff346eacd74b753e7d44443c88a94b0aaeb3fc5db85a102ef,1251062562,2.9791666666666665
21462,00000000407f24682ba062854b2fcf11fe7978b38268dd09acfb0d3ec54dcf5e,1251084054,3.6702777777777778
21463,000000005bc3a591f4fb1eb824263897fc5b443a49770fe3f6e8ded565820a99,1251103859,5.501388888888889
21464,00000000c8b2cb3a806f4814b1f2199de70a1cbf4c6250b517993f36ccc8b611,1251119554,4.3597222222222225
21466,00000000e17cb3ead21cbc0a6dafc3a6cacc4625645a5953fae3a10a277bc07e,1251146196,6.402777777777778
21527,00000000ac06bc16068ab6971b3e43c5d62fd03b3d1022c7835e1711d56463ca,1251255839,6.411388888888889
21581,000000006874937bd9cdb78069ad9967e5c2f6797700aac07fb6d7a030e21617,1251345022,2.608611111111111
21584,00000000a7598111d0595321d2399d2b6f02ae7e61d1db8f46e45de6292c0481,1251360890,2.691666666666667
21585,000000007cafbd38e09d7812224cd55ec53394bdb50268bc0f62a69a527ca1bd,1251379010,5.033333333333333
22018,00000000001b3783ab66c48133632b90a9afea63354dbca73b6cb660d57b6194,1251851809,2.049166666666667
22527,0000000058f6ed42ea06ccc805d0b4ef361f02253e468be23a58d796f5ac4a62,1252505096,4.320833333333334
22945,000000006ed32719e6c6c4d6fde8cb97f46c5164ead2e561e608f59bef653070,1253038027,4.334722222222222
22950,00000000edc080d64924b0f5f5f099d98273914545753f4da9747c50d8fd4fe4,1253060753,2.457777777777778
23418,00000000a0dbe1086bbc9a9f4689d8aa25b91b4d2a575eb82dbd741e65561c48,1253616669,5.089166666666666
23421,000000006bc8272ef0ce21948a034ea13536586d068bb15ee648b198e9682ffd,1253627169,2.0019444444444443
23425,00000000a25cd202aaf0b8674412e62d75bde46fd94d96a72183b9333fe1a004,1253639011,2.716388888888889
23426,00000000de536100e686e9039b0642e1598c84d915895c6f17b8d1a86cb46a38,1253647933,2.4783333333333335
23433,0000000018ee7999926286bacfac06e2850456adeb24108edd9364305e34da9f,1253689054,4.626666666666667
23434,00000000ebe096e6677cbd27cd2e65065faa734e8203be3ba6fca83986138ff7,1253707095,5.011388888888889
25132,000000005b8a14c28510e35529df893d73cba3c4f1c78c68f6029bf50c28ec8e,1255733117,2.0325
25740,00000000600620ec54a2a2d640bf1a46fe50eb644a4e1e477aa274d93070c03b,1256355439,2.6347222222222224
25788,00000000a9924bf2e932c6ec429481b453703398aa1683aaa99be9c5740953e9,1256415813,3.2344444444444442
25889,0000000063689d97780b0e6e4f6d93a27770d50c93cc663cbf36ee662df14188,1256538501,2.004166666666667
26236,0000000046eb0934a822509c1011630427ee707f15d95bad7311d789da05a69b,1257060080,2.0105555555555554
26237,0000000079a1b2b4a500b9f5960cc940977a337111838df264bfe26a0e8057b0,1257071573,3.1925
26242,0000000072baa25f5b688b9c71fcfd695e045ab2c28106e322292f0ee10efd6c,1257099661,6.1386111111111115
26275,0000000042562556b55941fa2a72c5965df573bf864d79f5dd65ef04996e2fe9,1257186648,2.0169444444444444
28702,000000003d378891a2f7324795311803239a5222ccb5a3241406756d218017e1,1259904172,2.003888888888889
28705,00000000c76e8dc3887bfd38256ec9e40fa8b572fe261151d2abafcb34d79c3d,1259919604,3.7719444444444443
28742,000000007af40ab6afe6d09436815a275db06dfe3c26e4d297fda0d9f24f8790,1259993242,2.5719444444444446
32527,0000000098f48568e5a59fabfaa9c0c434e0e35e60f3867918d98a607c3d2706,1262334521,2.035
32629,00000000d0104e311fbd578643e04d33668d6b25a56edd594705742f949c0d95,1262407030,3.1041666666666665
32647,0000000096c542c509e47b78b25d4d3a46c837e8b30011c65f0c2d7c547c484b,1262423115,3.4816666666666665
69515,00000000011e855947279cad92c26e9877de4bd6917a1de5e08f76cea95e1294,1279764284,2.0225
70665,0000000000dc38e641e0a804f217d1a05139f9dcfdc4ed42ae7fcb7d1dfb2bdf,1280255512,2.2205555555555554
70718,00000000009f73af5c5cee343bcbd2b3c364cf2849a108b8521d0e44ef66c327,1280284347,2.2647222222222223
74638,000000000069e1affe7161ab4bcbeacebb4ddf155b50e807f42de971b688a09b,1281916439,6.854444444444445
76594,000000000059f68a5e43cc152cd0e509ecd1cc8ac770b62da7be259f89b6a744,1282866244,2.0191666666666666
105909,0000000000024fa2b47bbac000a73227730db9de1b2c7610a3b1c9675c90c917,1296705869,2.008611111111111
149098,00000000000004f6a74c54c7df842134e3f7a363c1a56137a63c3a2d1e869972,1318495250,2.350277777777778
155290,000000000000092a5d77f0f3a2bf015a5198fff0bdf3d3fb600651874e7263e0,1322615805,2.4138888888888888
270194,0000000000000001cd3b9b26b831ebacbed0d8b38d2d7046cda3fa5f58440977,1384731406,2.1502777777777777
301596,000000000000000016467960dc43772d1d05a0f3f038b81f779b3ad4136d295a,1400533738,2.0375
679786,0000000000000000000b5d9bcbd38c64e5a39bf4073f7a94348c1336618957ae,1618841691,2.0355555555555553
689301,0000000000000000000ae9eca52d8f314f32fb5ac314d7bb18eb9e9c0f89326c,1625143613,2.3205555555555555
